numero_facture;categorie;nb_envois;envoi_num;send_date;send_by;success;fne_invoice_id;fne_reference;fne_ncc;is_manual;error_message
8000061535;DIFFERENT_REFERENCE;2;1;2026-01-16 15:29:05;jp.sery;OK;8182a290-1eb2-4667-9d97-5510b0e7884c;9904279V26000001146;9904279V;non;
8000061535;DIFFERENT_REFERENCE;2;2;2026-01-16 15:29:21;jp.sery;OK;d45af3df-dd5f-4352-b632-8cf8159a4047;9904279V26000001147;9904279V;non;
8000062137;DIFFERENT_REFERENCE;2;1;2026-01-30 17:38:29;blandine.toure;OK;b04b3e3b-ee3d-4449-a598-4cdb07e00927;9904279V26000001904;9904279V;non;
8000062137;DIFFERENT_REFERENCE;2;2;2026-01-30 17:38:30;blandine.toure;OK;171e7a63-2c3c-46fc-b061-373566706f4b;9904279V26000001905;9904279V;non;
8000062143;DIFFERENT_REFERENCE;2;1;2026-01-30 17:42:40;blandine.toure;OK;cd722b36-a1cd-47fb-9cc9-f5ade7b17994;9904279V26000001911;9904279V;non;
8000062143;DIFFERENT_REFERENCE;2;2;2026-01-30 17:42:41;blandine.toure;OK;9a407952-4094-493a-b955-aeb2778c911f;9904279V26000001912;9904279V;non;
8000062305;DIFFERENT_REFERENCE;2;1;2026-02-05 16:12:29;blandine.toure;OK;49324e57-77e4-40c9-a6c1-0b8e1ac53033;9904279V26000002071;9904279V;non;
8000062305;DIFFERENT_REFERENCE;2;2;2026-02-05 16:12:29;blandine.toure;OK;cd76a70e-81c6-4c5d-af82-cb2ec9142814;9904279V26000002072;9904279V;non;
8000062310;DIFFERENT_REFERENCE;2;1;2026-02-05 16:28:50;blandine.toure;OK;0db78c11-9eff-4ab8-b225-9ced0d358327;9904279V26000002077;9904279V;non;
8000062310;DIFFERENT_REFERENCE;2;2;2026-02-05 16:28:51;blandine.toure;OK;cf984157-3722-484a-b09c-2733138ec31f;9904279V26000002078;9904279V;non;
8000062358;DIFFERENT_REFERENCE;2;1;2026-02-10 14:47:06;angele.obicoa;OK;629ccfba-8ed6-40c8-940a-be9dc0f24638;9904279V26000002124;9904279V;non;
8000062358;DIFFERENT_REFERENCE;2;2;2026-02-10 14:47:06;angele.obicoa;OK;f327012f-3d63-4879-8a42-68afa83a6880;9904279V26000002125;9904279V;non;
8000062360;DIFFERENT_REFERENCE;2;1;2026-02-10 14:50:44;angele.obicoa;OK;2861d946-d1e3-42ef-bc72-3dbb981ae496;9904279V26000002128;9904279V;non;
8000062360;DIFFERENT_REFERENCE;2;2;2026-02-10 14:50:44;angele.obicoa;OK;33972805-7553-47ba-a753-0574b7c56256;9904279V26000002127;9904279V;non;
8000062407;DIFFERENT_REFERENCE;2;1;2026-02-10 18:16:29;angele.obicoa;OK;1bf84eb0-1db8-436a-a9cf-754f6fac747c;9904279V26000002175;9904279V;non;
8000062407;DIFFERENT_REFERENCE;2;2;2026-02-10 18:16:29;angele.obicoa;OK;ea3fb45e-6484-461b-8b6a-fb6e47dd12cc;9904279V26000002176;9904279V;non;
8000062456;DIFFERENT_REFERENCE;2;1;2026-02-12 17:55:40;blandine.toure;OK;51978bde-f96b-4cff-8289-355dcd1dfbd1;9904279V26000002224;9904279V;non;
8000062456;DIFFERENT_REFERENCE;2;2;2026-02-12 17:55:41;blandine.toure;OK;e04661f0-ab19-4a91-82fc-c17098ed813a;9904279V26000002225;9904279V;non;
8000062470;DIFFERENT_REFERENCE;2;1;2026-02-12 18:16:41;blandine.toure;OK;5c2e8dbf-9754-40e5-85a0-3b8485c0da07;9904279V26000002239;9904279V;non;
8000062470;DIFFERENT_REFERENCE;2;2;2026-02-12 18:16:42;blandine.toure;OK;9d33453e-8dbe-4976-919a-5033d000966e;9904279V26000002240;9904279V;non;
8000062486;DIFFERENT_REFERENCE;2;1;2026-02-12 18:37:37;blandine.toure;OK;33d07078-c34f-40ee-aa01-c40b8811f931;9904279V26000002256;9904279V;non;
8000062486;DIFFERENT_REFERENCE;2;2;2026-02-12 18:37:37;blandine.toure;OK;455f0edf-e331-4f85-8709-c6311b2a2c9b;9904279V26000002257;9904279V;non;
8000062620;DIFFERENT_REFERENCE;2;1;2026-02-17 09:33:24;angele.obicoa;OK;5e8bdd3d-3343-45c9-a7b8-8c436a6d1cf3;9904279V26000002452;9904279V;non;
8000062620;DIFFERENT_REFERENCE;2;2;2026-02-17 09:33:24;angele.obicoa;OK;9f4b9d1f-6480-4f76-8d9c-9b5fbb5ef93b;9904279V26000002453;9904279V;non;
8000062627;DIFFERENT_REFERENCE;2;1;2026-02-17 09:40:27;angele.obicoa;OK;72daf3f5-2c0f-4f07-8c50-9004f8aa9013;9904279V26000002460;9904279V;non;
8000062627;DIFFERENT_REFERENCE;2;2;2026-02-17 09:40:28;angele.obicoa;OK;a0e5623a-d204-45d0-8387-6183c648d008;9904279V26000002461;9904279V;non;
8000062642;DIFFERENT_REFERENCE;2;1;2026-02-17 17:21:26;blandine.toure;OK;a44866e7-dddf-4e92-828f-992769677e18;9904279V26000002571;9904279V;non;
8000062642;DIFFERENT_REFERENCE;2;2;2026-02-17 17:21:26;blandine.toure;OK;1e50ac39-b715-441b-92e7-83bdc7399da6;9904279V26000002570;9904279V;non;
8000063215;DIFFERENT_REFERENCE;2;1;2026-03-09 14:14:11;blandine.toure;OK;c7e4ba5f-cdb3-4fd1-87b9-320e9cf59b52;9904279V26000003282;9904279V;non;
8000063215;DIFFERENT_REFERENCE;2;2;2026-03-09 14:14:11;blandine.toure;OK;9a91c2db-1949-4ca0-bff7-cc76324cb55a;9904279V26000003283;9904279V;non;
8000063285;DIFFERENT_REFERENCE;2;1;2026-03-11 15:40:38;blandine.toure;OK;e5c20dd2-82f9-468d-8214-881666cdd7d0;9904279V26000003357;9904279V;non;
8000063285;DIFFERENT_REFERENCE;2;2;2026-03-11 15:40:38;blandine.toure;OK;6b09e255-cb7b-442c-9d49-f131699efea4;9904279V26000003356;9904279V;non;
8000063288;DIFFERENT_REFERENCE;2;1;2026-03-11 15:44:47;blandine.toure;OK;4db29eaa-64a4-4654-847f-004af2f2cd08;9904279V26000003360;9904279V;non;
8000063288;DIFFERENT_REFERENCE;2;2;2026-03-11 15:44:47;blandine.toure;OK;a86b44d7-f3aa-4055-a56f-ecc46b0f5f3c;9904279V26000003361;9904279V;non;
8000063345;DIFFERENT_REFERENCE;2;1;2026-03-13 13:08:51;blandine.toure;OK;6802eac0-e182-4fed-82c9-7b929a6d2479;9904279V26000003418;9904279V;non;
8000063345;DIFFERENT_REFERENCE;2;2;2026-03-13 13:08:51;blandine.toure;OK;4d15a5c7-3493-41aa-9486-1be64b4735ed;9904279V26000003419;9904279V;non;
G0227M;DIFFERENT_REFERENCE;2;1;2026-03-19 12:50:35;blandine.toure;OK;60e08f3c-3581-412a-b830-c5a884a5574e;9904279V26000003623;9904279V;non;
G0227M;DIFFERENT_REFERENCE;2;2;2026-03-19 13:47:42;blandine.toure;OK;4e122710-4b3e-4ee3-b361-4bcfa64c366d;9904279V26000003624;9904279V;non;
G0491D1;DIFFERENT_REFERENCE;2;1;2026-04-13 17:12:42;blandine.toure;OK;b3b38ea4-3cdd-4d90-a6d7-d85513db080b;9904279V26000004445;9904279V;non;
G0491D1;DIFFERENT_REFERENCE;2;2;2026-04-13 17:12:42;blandine.toure;OK;5dde3c24-49d7-45be-8f51-0a7dd8893d21;9904279V26000004446;9904279V;non;
P0260A1;DIFFERENT_REFERENCE;2;1;2026-02-23 16:58:51;blandine.toure;OK;0b0ee291-9864-4d16-8592-5e2b22f7b9c8;9904279V26000002745;9904279V;non;
P0260A1;DIFFERENT_REFERENCE;2;2;2026-02-23 16:58:51;blandine.toure;OK;2a2da8b1-a6d0-4618-9c73-1932f687552b;9904279V26000002746;9904279V;non;
P0334O;DIFFERENT_REFERENCE;2;1;2026-03-19 11:31:28;blandine.toure;OK;67f7e254-cfdb-4299-99dc-f3552ad0326e;9904279V26000003572;9904279V;non;
P0334O;DIFFERENT_REFERENCE;2;2;2026-03-19 11:31:28;blandine.toure;OK;3c52f5c8-129c-4204-8760-76ee8e02eb88;9904279V26000003573;9904279V;non;
8000062662;NO_REFERENCE;2;1;2026-02-17 18:00:11;blandine.toure;FAIL;;;;non;Error signing invoice
8000062662;NO_REFERENCE;2;2;2026-02-17 18:03:05;blandine.toure;FAIL;;;;non;Error signing invoice
8000063006;MIXED;2;1;2026-03-04 11:19:59;angele.obicoa;OK;;;;non;
8000063006;MIXED;2;2;2026-03-04 11:22:01;angele.obicoa;OK;d4a56895-44d0-4791-be21-0e5ce9f6f1f2;9904279V26000003007;9904279V;non;
8000063038;NO_REFERENCE;2;1;2026-03-04 13:46:42;angele.obicoa;FAIL;;;;non;Error signing invoice
8000063038;NO_REFERENCE;2;2;2026-03-04 13:49:45;angele.obicoa;FAIL;;;;non;Error signing invoice
8000063048;MIXED;2;1;2026-03-04 14:08:02;angele.obicoa;OK;;;;non;
8000063048;MIXED;2;2;2026-03-04 14:10:09;angele.obicoa;OK;37032981-cfb1-4b88-9247-0f982236ee73;9904279V26000003049;9904279V;non;
8000063269;MIXED;2;1;2026-03-11 10:23:42;angele.obicoa;OK;;;;non;
8000063269;MIXED;2;2;2026-03-11 10:24:33;angele.obicoa;OK;3edf2775-a8b7-4a42-9cec-023967126356;9904279V26000003339;9904279V;non;
8000063358;NO_REFERENCE;3;1;2026-03-17 10:21:20;angele.obicoa;FAIL;;;;non;Error signing invoice
8000063358;NO_REFERENCE;3;2;2026-03-17 10:22:51;eric.fle;FAIL;;;;non;Error signing invoice
8000063358;NO_REFERENCE;3;3;2026-03-18 08:25:09;blandine.toure;FAIL;;;;non;Error signing invoice
8000063368;MIXED;2;1;2026-03-17 11:54:12;angele.obicoa;OK;;;;non;
8000063368;MIXED;2;2;2026-03-18 08:23:48;blandine.toure;OK;9b4231a4-5000-4338-8fb2-968382ad71af;9904279V26000003453;9904279V;non;
8000063688;MIXED;2;1;2026-04-03 08:38:24;angele.obicoa;OK;;;;non;
8000063688;MIXED;2;2;2026-04-22 15:46:02;angele.obicoa;OK;c7d614da-f18c-43eb-a616-06a48dfb4a82;9904279V26000004918;9904279V;non;
8000063702;MIXED;2;1;2026-04-03 10:03:28;angele.obicoa;OK;;;;non;
8000063702;MIXED;2;2;2026-04-22 15:47:51;angele.obicoa;OK;616a1565-772c-4575-a78f-9bbf549260f0;9904279V26000004920;9904279V;non;
8000064041;MIXED;2;1;2026-04-16 10:58:41;angele.obicoa;OK;;;;non;
8000064041;MIXED;2;2;2026-04-16 11:07:22;angele.obicoa;OK;41fbc144-3ca7-4ab6-91b9-b5128cb734b5;9904279V26000004558;9904279V;non;
8000064145;MIXED;2;1;2026-04-20 11:36:47;angele.obicoa;OK;;;;non;
8000064145;MIXED;2;2;2026-04-22 15:47:10;angele.obicoa;OK;9d28e125-7515-45bf-a522-7632865653f0;9904279V26000004919;9904279V;non;
8000064166;MIXED;2;1;2026-04-20 15:21:59;blandine.toure;OK;;;;non;
8000064166;MIXED;2;2;2026-04-20 15:25:44;blandine.toure;OK;965693e8-1fcd-4048-a8cc-223f57da5532;9904279V26000004776;9904279V;non;
8000064171;MIXED;2;1;2026-04-20 15:32:46;blandine.toure;OK;;;;non;
8000064171;MIXED;2;2;2026-04-20 15:33:30;blandine.toure;OK;ca708214-df06-4110-bd08-16db529da01a;9904279V26000004781;9904279V;non;
G0225M;MIXED;2;1;2026-03-18 13:40:24;blandine.toure;OK;;;;non;
G0225M;MIXED;2;2;2026-03-23 11:57:42;angele.obicoa;OK;97bdd39c-8c94-42fc-9d24-6af6b9ca5572;9904279V26000003656;9904279V;non;
G0226M;MIXED;2;1;2026-03-18 13:41:13;blandine.toure;OK;;;;non;
G0226M;MIXED;2;2;2026-03-19 12:49:56;blandine.toure;OK;e15c0658-74a8-465b-bd65-234553ed0aea;9904279V26000003622;9904279V;non;
G0243M;MIXED;2;1;2026-04-13 15:47:32;blandine.toure;OK;;;;non;
G0243M;MIXED;2;2;2026-04-13 15:48:06;blandine.toure;OK;ba03541a-eda7-486e-af0a-edafad9a6a7e;9904279V26000004366;9904279V;non;
P0037E;MIXED;2;1;2026-04-13 17:16:45;blandine.toure;OK;;;;non;
P0037E;MIXED;2;2;2026-04-13 17:17:13;blandine.toure;OK;9b6bac28-b7e9-4106-b509-cab7316a14fc;9904279V26000004451;9904279V;non;
P0271A1;MIXED;2;1;2026-02-23 17:04:50;blandine.toure;OK;;;;non;
P0271A1;MIXED;2;2;2026-03-25 09:09:11;blandine.toure;OK;19aaceb6-9261-442c-a4aa-64a13cf14b6a;9904279V26000003782;9904279V;non;
P0373J;MIXED;2;1;2026-03-18 14:50:15;blandine.toure;OK;;;;non;
P0373J;MIXED;2;2;2026-03-19 10:57:07;blandine.toure;OK;fce3d33d-513b-48c2-88eb-d16e2ff1deb0;9904279V26000003522;9904279V;non;
P0378J;MIXED;2;1;2026-03-18 16:36:18;blandine.toure;OK;;;;non;
P0378J;MIXED;2;2;2026-03-19 10:54:46;blandine.toure;OK;debb4c9e-398a-4f63-8ca0-6ab81b464a36;9904279V26000003518;9904279V;non;
P0395D;MIXED;2;1;2026-04-13 17:34:49;blandine.toure;OK;;;;non;
P0395D;MIXED;2;2;2026-04-13 17:35:08;blandine.toure;OK;2dbad368-6b6a-4c5b-a746-2bdc7fa17f25;9904279V26000004482;9904279V;non;
P0472A;MIXED;2;1;2026-03-18 14:49:29;blandine.toure;OK;;;;non;
P0472A;MIXED;2;2;2026-03-19 10:56:25;blandine.toure;OK;7cfbb34e-307f-4a9f-902b-8734825a316c;9904279V26000003521;9904279V;non;